1,1,2,天海春香,ようこそ私達の劇場へ！,https://drive.google.com/uc?export=view&id=1iiFCI3e8i6ng3avSmdYW4hERqn6IlcCl,https://drive.google.com/uc?export=view&id=1wQgdT8sYHUCTnUFgpxQBVX1pqc3UoYhw,ProPさん！ この衣装、とってもかわいいですね！ えへへっ、早く着てみたいです♪
2,1,2,天海春香,ふわふわドリーミング,https://drive.google.com/uc?export=view&id=1EM0yCybyzl3fb49mhlWHyK1JBltiHv5r,https://drive.google.com/uc?export=view&id=1-kTtIjzYmei6DwsArbcCrCaw9AF4FnY8,気分はすっかり、羊飼いアイドル！　なーんて♪　さあ、羊たちと一緒に、歌っちゃいましょう！
3,1,2,萩原雪歩,星降る聖夜,https://drive.google.com/uc?export=view&id=15bufKiMbOwlOyELT-L9Dlgu5Evqm3wqU,https://drive.google.com/uc?export=view&id=1NuBlmbcwJiigFeI2_Qt_I0mUPldYysg6,わぁ……！とっても、素敵なプレゼントです。ありがとうございます、ProP♪
4,1,2,萩原雪歩,なごみのお茶,https://drive.google.com/uc?export=view&id=17M8hxp6ITG0ZmokChV4v_vQwoUDtECVJ,https://drive.google.com/uc?export=view&id=1Rh5js7_yrYTnE7uv83riKkiTy-yL0318,わぁ……中華風の衣装、かわいいですぅ！　ProP、謝謝、なんて……えへへ♪
5,1,2,菊地真,桃色スマイル♪,https://drive.google.com/uc?export=view&id=1o0dxp9lNDIra--YCdu9c2fl0I5JozLEK,https://drive.google.com/uc?export=view&id=1obNuD5M0DEJvzBwp5qP8xMC4cbbQVKcQ,こっ、これ、本当にボクの衣装なんですか！？うわぁ……感激だなぁ！ ありがとうございますっ！
6,1,2,菊地真,ブラック・ストレングス,https://drive.google.com/uc?export=view&id=1FlIBYrtYoi1GucATsFAkemoiqgNWvsyM,https://drive.google.com/uc?export=view&id=1CWu6JGKnZ-K4tczBheArzTCwB4IE9Fwv,今回の役は、沈着冷静な敵幹部ですね。わかりました！ガツーン！　とクールに決めてみせますよ！
7,1,2,我那覇響,伝わる思い,https://drive.google.com/uc?export=view&id=1tpu6XeWH-PzFHWZzpINdUNHLn5V6Rx0t,https://drive.google.com/uc?export=view&id=1N6l7WKDw0PLhjI21FJIrP1E7TK62gmbY,おおっ、なんでわかったの！？ 自分、こういう衣装が欲しかったんだ～。えへへ、ありがとね！
8,1,2,如月千早,新春の光に願いを込めて,https://drive.google.com/uc?export=view&id=1vmN9kF76b4F2PaV3vrgLVVQMhEIjrbWX,https://drive.google.com/uc?export=view&id=1zBcVOsSG0KmAsERa9SVQFKJfxIogZgVc,歌を歌うのに、衣装は関係ないはず。でも……今は早く、ステージに立ちたいです！
9,1,2,水瀬伊織,キューティートリック♪,https://drive.google.com/uc?export=view&id=1QRuWBqOJILQJhixQBxP_qOsUMNw2dfhO,https://drive.google.com/uc?export=view&id=14vz4aAkqsssxXaoSR8UnWevz2ec6EB43,ハッピーハロウィーン！ 伊織ちゃんにずっと注目してないと、イタズラしてあげないわよ？
10,1,2,四条貴音,優雅なひととき,https://drive.google.com/uc?export=view&id=1tSwDoUq5_kAeL3NLUcwNWyTWNR4MpKa6,https://drive.google.com/uc?export=view&id=11qv8shTJuY1VtWByhATWHwL_3bUCz5Da,ProP、夜の海の水面にたゆたう、星々の光を……。今、ここにすくいましょう！
11,1,2,秋月律子,きらめきミュージアム,https://drive.google.com/uc?export=view&id=1N03YkqsvILwwaLP2Hf52xxwpUdG6rQH0,https://drive.google.com/uc?export=view&id=1DKqODN5eafeWseluCkBZ9PCfJYPlJLIz,ちょっとProP！ こんな衣装作って…予算は平気なんですか？ う、うれしいですけどっ！
12,1,2,星井美希,恋する視線,https://drive.google.com/uc?export=view&id=1rUfB_7Loz3F91b9RV2NXRxBJDtKIcvM7,https://drive.google.com/uc?export=view&id=1JxUoEpW2vCQFytcSfvcrqmQoMcyukTMq,えっと～、ふつつかなミキですけど、これからも、よろしくお願いしますなの！ あはっ♪
13,1,2,高槻やよい,カラフルファクトリー,https://drive.google.com/uc?export=view&id=199h2UHUtvFtBO7n6JxU4TEeBmMqRMG32,https://drive.google.com/uc?export=view&id=1VWaznW9ae1kKW5C7_bj--HcfTX4iyaZ3,こんなカワイイ衣装が着られるなんて、感激です～。シワとかできないように、大事にしますね！
14,1,2,三浦あずさ,ウォータードリーム,https://drive.google.com/uc?export=view&id=1ikUwHwgo06wpl8t7yWeouTd0H-Zscyyi,https://drive.google.com/uc?export=view&id=1m1LmyhIe7vjTY79dD9bShI2ElKMqfqef,まあ、ステキな衣装ですね～！私、幸せな気持ちで歌えそうです♪
15,1,2,三浦あずさ,フローズン・クリスタル,https://drive.google.com/uc?export=view&id=1bzIclyzQwwAOZVIZChoGF9_NcX1iBGQ7,https://drive.google.com/uc?export=view&id=1EKzRSmPF9WNC9XCbvMx2mWkuyb3P4FVE,まあ、なんて綺麗な衣装かしら！私、今、とっても……、幸せです♪
16,1,2,双海亜美,秋を彩るエンターテイナー,https://drive.google.com/uc?export=view&id=1RYZi5Kt8g7IrTeDEQWJ-WxLpbGMfjZdT,https://drive.google.com/uc?export=view&id=1h2FlJVRLXudMbV--Q_DaZX2pEr_NCpT7,わーい、兄ちゃんのくれた衣装、メチャカワ～！！さっすが、いい扇子してるね♪ ビュンビュンだね！
17,1,2,双海亜美,うっきうき♪ひな祭り,https://drive.google.com/uc?export=view&id=1aN-Li5F30Iwl_LbBE1oPFPrbpDRe5Yq3,https://drive.google.com/uc?export=view&id=1_WMrk_B5amry0Ryr8lDdQ9z92gsH00h3,この衣装メチャカワ～！ ねね、亜美、ひな壇のひなひなに見えるかな？ えへへ、あんがと兄ちゃん♪
18,1,2,双海真美,うきうきスイートタイム,https://drive.google.com/uc?export=view&id=1rVMeYZ5VoWas7AwmmuSgkADKcbNEJIhb,https://drive.google.com/uc?export=view&id=1_fpc-z-SU4zTdgBQu0Yq-iTMwWvOObZu,じゃじゃーん！ 真美にこんなせくしー衣装を着せるなんて…兄ちゃん、ありがとね！ つかまらないでね！
19,1,2,双海真美,ザ・チャレンジャー！,https://drive.google.com/uc?export=view&id=1BWC2t2ogE6m03zcdRgCq9nJGndvZmyCD,https://drive.google.com/uc?export=view&id=11zvzGONNFccPyt3oY8VVV8nnKV2iSGU_,ややや！？　真美、超カッコよくなっちった♪ ありがとね兄ちゃん。うりうり、ホレるなよ～？
20,1,2,春日未来,はじまりの場所,https://drive.google.com/uc?export=view&id=1iiA0aZLgxjw4aMY7C-rjXYCnFn4AGGfr,https://drive.google.com/uc?export=view&id=1W0E-C-zX4mzCpeqBzQ3eZOZBaJ1wDr7H,ProPさんが用意してくれたこの衣装、すーっごくかわいいですね♪ でへへ♪
21,1,2,春日未来,フルスロットル★ガール,https://drive.google.com/uc?export=view&id=1KqRPIxMlSdCZN01CYalWDsapc2Q52Y51,https://drive.google.com/uc?export=view&id=1snoEzuR5f057N08iHCjIOd6Ec1PTz4of,わぁ、なんか未来っていうか、宇宙っぽい衣装ですね！ProPさん、ありがとうございます♪
22,1,2,佐竹美奈子,はじける夏の味♪,https://drive.google.com/uc?export=view&id=1qNUrIxCUurrdYg7KRYvFIsNQXdyinJLY,https://drive.google.com/uc?export=view&id=1yvndF-QS12IOfigMQHrUEeCkrPVfvWSf,素敵な衣装、ありがとうございます！ イチゴの花言葉は……尊重とか、愛、なんですよ！ えへへっ♪
23,1,2,徳川まつり,ロマンティックランド,https://drive.google.com/uc?export=view&id=1HQT8EDT4_UKc2gmLzKYBRxha5UQAnuI_,https://drive.google.com/uc?export=view&id=1qOZkh1f-2GNx__xq3cqJO8Dejl8hiJMG,ほ？ これが、まつり専用の衣装なのです？とびきり・きゅーと！で、とってもうれしいのです♪
24,1,2,徳川まつり,ヘヴンリー・フラワーズ,https://drive.google.com/uc?export=view&id=1HPOaSaaNaMcb_Y2sfzdLQIj4CWNYNzZl,https://drive.google.com/uc?export=view&id=1eOiG2h2LXjOdWpThXnlsfQmOqouoxyC6,わんだほー！ 妖精さんみたいで素敵な衣装なのです！……いつもと違う姫の魅力、感じられましたか？
25,1,2,七尾百合子,お気に入りの物語,https://drive.google.com/uc?export=view&id=186NtqwHZTHzz0VQgO_1Bx4a5F4isoyQz,https://drive.google.com/uc?export=view&id=1Jwq73ow_cPI9JDHVEmrAAP2ul5QfY8eB,この眼鏡は戒めの鎖……でも同時に、盟約の証でもあるんです……。あ、あの～、わかりますか？
26,1,2,高山紗代子,ドリーミープラネット,https://drive.google.com/uc?export=view&id=1pUaTFo1DLAMWX6fiSjbQxXxotq1E3OYS,https://drive.google.com/uc?export=view&id=1bWem8sg6V7z3bRpR0pHcbcd1dwvRUXKO,なんて素敵な衣装……あの、ありがとうございます！衣装に恥じないステージができるように、頑張ります！
27,1,2,高山紗代子,超ビーチバレー[先輩],https://drive.google.com/uc?export=view&id=1fZWc38nLTmwXnWGrnaU6zCBgBOD7-TRE,https://drive.google.com/uc?export=view&id=1WzIwrgyN-_Ojfs3OzVLIm79YK4Ewxdgi,ProPの熱い鼓動、私にも伝わってきました。帝女との勝負……絶対に勝ちます！
28,1,2,松田亜利沙,小悪魔リビングデッド,https://drive.google.com/uc?export=view&id=1KHCmvBSoglR_fYo0McqIOTKFVKTvTCGE,https://drive.google.com/uc?export=view&id=18wgw6NlZsVsj7NwgzOls7mMIGnCU0tab,ふぉぉーっ！ こ、この衣装……素晴らしすぎますっ！死ぬまで、いえ、死んでも大事にしちゃいますよーっ！
29,1,2,高坂海美,冬も元気いっぱい！,https://drive.google.com/uc?export=view&id=1Grra_Hoa8s21HC-CgRQ4cNu07TnTe_sG,https://drive.google.com/uc?export=view&id=1OZEB0s3o1FsaMMOnDUylJNokE-Z1DQ3L,ううっ、すっごくカワイイ衣装……！これ、本当に私が着てもいいの！？ ありがとーっ！
30,1,2,高坂海美,憧れの大変身,https://drive.google.com/uc?export=view&id=1YMwtSAinP2RCHVyJT0AWNaZ2ak3kA3kI,https://drive.google.com/uc?export=view&id=1wdSvNFfJc73rjEzqfb7Eh8XbhFQi-14a,ううっ、カワイイ！ これ、本当に私が着ていいの？ProP、ありがとーっ☆
31,1,2,中谷育,今日も元気いっぱい！,https://drive.google.com/uc?export=view&id=1VT7Ab0AbcHSWaEcvQnqkPpBLcxpwW1wS,https://drive.google.com/uc?export=view&id=12lNFy9awY3nnMYF4Os-VJkHYdnMo6wkK,えへへ……服を作ってもらうのって、なんだか大人っぽいね♪ ありがとう、ProPさん！
32,1,2,エミリー・スチュアート,清麗高雅なお嬢様,https://drive.google.com/uc?export=view&id=1mJZfSKtu2FfhtP_AdSDUpbeleJW-h1-C,https://drive.google.com/uc?export=view&id=1uol6lg3qbcrGzB00Ufg-vSXLq8eXfTb9,仕掛け人さま、見ていてください。風のように涼やかに、舞ってみせます！
33,1,2,矢吹可奈,笑顔咲かせるマーチング,https://drive.google.com/uc?export=view&id=1EVxzbnNn7HjJboGdobeW7uFHMO0hDffa,https://drive.google.com/uc?export=view&id=1K7-z46zGrF6PufoKFa0WJx4x3kZ6q1zz,わ～い♪こんな素敵な衣装だったら、何曲だって歌えちゃいそうですよ！
34,1,2,横山奈緒,ワクワクを履いていこ♪,https://drive.google.com/uc?export=view&id=1i3Mx7l8aWds3NH-k0d6fD5KcZe4L2eFW,https://drive.google.com/uc?export=view&id=1E210iUAkI89-__7XHR3stL9y-Gx9YvGq,アカン！ こんなん、ステキすぎるやん……。私、アイドルになってホンマによかった～！ うわーん！
35,1,2,福田のり子,パワフルガール,https://drive.google.com/uc?export=view&id=1xWqCRcXPAparNbupwMkGU0P4fNmlkrnX,https://drive.google.com/uc?export=view&id=1u7KTOkqexOwhYbAo38w-K281ILDlrHlC,ありがとうで、いいのかな。言葉だけじゃ、アタシの気持ち、伝わらないかもだけど……大切にするからね！
36,1,2,福田のり子,ニューイヤー・ゴング,https://drive.google.com/uc?export=view&id=1fQ4okDA3iewVWanHGY_piNx_GEbTQ1hE,https://drive.google.com/uc?export=view&id=1x3QkJJP74JPmJYLsjWAzAcJsUAiEO2F2,うわっ……な、なんかすっごくカワイイ衣装だけど、ホントにアタシが着ていいのかな？ え、えへへ……♪
37,1,2,最上静香,光輝く星のように,https://drive.google.com/uc?export=view&id=18sYn44EEbOCtBx76OC8sHAgPJ0DT7pPY,https://drive.google.com/uc?export=view&id=1IuCOgFAaOjI9CiJQ0sq82Whg9S_Kj2nz,こ、この衣装を私に……？ ありがとうございます。あの、ステージはいつですか？
38,1,2,所恵美,トレンドを先取り♪,https://drive.google.com/uc?export=view&id=1Kd5wRFsniPdWWt5Of3A8UAc-XJ_HcH0p,https://drive.google.com/uc?export=view&id=1IBBD2hWy4nHNcbDDR9Ci_Y2agDhh3k1i,どう？ ProP！ この衣装、めちゃくちゃカワイイよね！ 悪くないでしょ～？
39,1,2,ロコ,ロコナイズミュージック♪,https://drive.google.com/uc?export=view&id=1w_oNF1JGWN81goep0ktm8gvc0kprhPyb,https://drive.google.com/uc?export=view&id=1wpI1NR2Xh_wz1h8w3-7jzj4fNQ0F7CSw,ProP、ベリーサンクスです！ロコアート、トランスミットしてみせますよ♪
40,1,2,ロコ,特別な日のために,https://drive.google.com/uc?export=view&id=1l3Vt5LXK-Ip7ilC1ERFcYwpoYUM9tDyq,https://drive.google.com/uc?export=view&id=1P9iTD0kcG5iXaU4k_TxqSyiu3l4O2cdA,ProP、どうですか？ロコのブライド姿、感想を聞かせてくださいね♪
41,1,2,天空橋朋花,イノセントガーデン,https://drive.google.com/uc?export=view&id=1D8HEjYwkxrvRUOkD9FIG7HHu2gpPJz2V,https://drive.google.com/uc?export=view&id=1zJVCTEj9UMZ73LVi2pljuV8bUEJSmONM,聖母に相応しい、素敵な衣装ですね～。ProPさん、ほめてあげますよ～。
42,1,2,天空橋朋花,フォーチュンガール,https://drive.google.com/uc?export=view&id=1vopMm0YsYl_igFLw1cgB5UH9VsDVYIZA,https://drive.google.com/uc?export=view&id=1ydluSm3lP-u2X4u_MXb3ODCmC_5PiG_7,どうですか、ProPさん～。聖母に相応しい姿だと思いませんか～？ うふふっ。
43,1,2,北沢志保,船上のセラピスト,https://drive.google.com/uc?export=view&id=1j7RP9m_Vzsgcd9y5GczhilFUHS_PrGyZ,https://drive.google.com/uc?export=view&id=19uNW74R3oZW5IXfY9X8ldbZHwYgn0O3y,ProPさん、準備はいいですか？私たちと一緒に、航海に出かけましょう。……なんて。
44,1,2,舞浜歩,常夏パラダイス！,https://drive.google.com/uc?export=view&id=19cibNONRz6lh5jPjxjit6TPZWTJdst75,https://drive.google.com/uc?export=view&id=1cgzYAcWGWmD_aDqUoQ1TPNP3fDzuEXcF,えっ……こ、これ、アタシ専用の衣装なの！？マイガーッ！ 嬉しすぎて、顔がニヤけちゃうよ……！
45,1,2,舞浜歩,ミラクルパフォーマー,https://drive.google.com/uc?export=view&id=1_25GZRxxvTS0DjIS7_sVzsdLdrRntbpK,https://drive.google.com/uc?export=view&id=1tTr1r5yToSXGeTTCEDKvIVbJ6uhvB67_,マイガー！　すっごく、クールな衣装だね！　なんだか、魔法とか使えちゃいそうな気分だよ♪
46,1,2,二階堂千鶴,まばゆいマドモワゼル,https://drive.google.com/uc?export=view&id=16fxpPPs_CT-27S0ITtrQAQrYY4gS7pFw,https://drive.google.com/uc?export=view&id=1x_FxTJQ-EIbP8aKO6Ux3F1kpMMSTGRTa,ふふっ、わたくしにふさわしい衣装ですわね！みなさまのご期待に、優雅に応えてみせますわ♪
47,1,2,二階堂千鶴,幻想の光の中で,https://drive.google.com/uc?export=view&id=11cEBCIu5HRgzBHrstkNcxy1CtAmmWzrd,https://drive.google.com/uc?export=view&id=1sopYUeRZmCZHPC-rVx4zWsbIDvi7FpdQ,この衣装……わたくしのゴージャスさに、ますます磨きがかかりますわね♪ 感謝いたしますわ！
48,1,2,真壁瑞希,劇場サスペンス[支配人],https://drive.google.com/uc?export=view&id=1Mc7XEjcm0gu_H3hNw1uR4tjwEg7pJjpE,https://drive.google.com/uc?export=view&id=1ER6RqVawwMCq4V0cNqlLjm0Zu3mtRKdJ,おっほん。どうですかな？ProP。……意外なスタイル、似合っていたら嬉しいです。
49,1,2,百瀬莉緒,三姉妹カフェ[お客さん],https://drive.google.com/uc?export=view&id=1n1IDaIGOq_oedj44lcXgI4sGy93CGIl7,https://drive.google.com/uc?export=view&id=1-M-WutfsCViI0WSTniCvjQjiomc0VEh_,え、やだ、ちょっと……この衣装、いいじゃない♪これならイケメン役のイメージ、湧きそうよ！
50,1,2,永吉昴,ベースボールガール,https://drive.google.com/uc?export=view&id=1qYKOJIWqRQ-6Lv-NUiQSZOo73HvBEY2P,https://drive.google.com/uc?export=view&id=1UGj6aTLduDTz7tjm1Wws9qvo8QeSEEwy,わっ！ この衣装、本当にオレが着ていいの！？すっげー嬉しいよProP！ へへっ♪
51,1,2,永吉昴,スウィート・パレットランド,https://drive.google.com/uc?export=view&id=1QmaZ3GWclzfRx7Af4W6Tk2Iv5nt4KX0y,https://drive.google.com/uc?export=view&id=1SwYMaATfKxBOfWEDhFedgcZwP1kNmhjd,へへっ、どーだ！ チョコみたいでカワイイだろ？ProP、カワイイ衣装、サンキュな♪
52,1,2,周防桃子,おしゃまな女の子,https://drive.google.com/uc?export=view&id=1DMmEfqajAS58J6wKpq69n3LQglGZ0x55,https://drive.google.com/uc?export=view&id=1UJMpqzqwqD_491yaNAPFKWYPaPvwZ695,この衣装、お兄ちゃんが桃子に選んでくれたの？ふーん……。えっと……あ、ありがと……。
53,1,2,周防桃子,夢色式部,https://drive.google.com/uc?export=view&id=1_xFD5_iy0QdWTvJne-0j5qLfbvYKB_1Z,https://drive.google.com/uc?export=view&id=1XdZCXKZHFM_OppIuQ-9Eam5LN_HypayQ,ふふん、どう？ 和服の衣装、似合ってるでしょ♪桃子から目を離したら、承知しないからね！
54,1,2,ジュリア,シャイニングワールド,https://drive.google.com/uc?export=view&id=1IqxB78H_0IPu_Klo_S2Yy0r6pLQg_IiY,https://drive.google.com/uc?export=view&id=12MeQFKsJ0W-cZpGE6jxuVlJxD5XdTYE1,サンキュ、ProP。この礼は、いつも通りステージの上から返すぜ。いいか……惚れんなよ？
55,1,2,白石紬,踏み出した夢への一歩,https://drive.google.com/uc?export=view&id=1z46kZsSxJwJJWIWaS-pzuH4HBpIYyvLn,https://drive.google.com/uc?export=view&id=1t5LyGFZI7K2gMpHSakaMhbgaBx-0pUmx,まぁ……！ いつもあれほど鈍感で無神経な方なのに、こんなにも風雅な衣装を……。ありがとうございます！
56,1,2,白石紬,劇場サスペンス[探偵],https://drive.google.com/uc?export=view&id=12yyHK1SD1fcI5514ihJj9LYE7N0c39-k,https://drive.google.com/uc?export=view&id=19WyWQETUNBxqyOgJt1bhxvHjJsAXzQwp,探偵には知性と理性、決断力と行動力、そして勇気も求められるもの。…少しでも近づけるよう、努めます。
57,1,2,伊吹翼,みんなの視線を一人占め♪,https://drive.google.com/uc?export=view&id=1kaQcd4CdljXzeFBEwlkbg6ZtZ2EbwQ2_,https://drive.google.com/uc?export=view&id=1lGDjA5ifpfDJNta92FHvO-SECLjPKByp,こんなカワイイ衣装が着られるなんて、最高♪ProPさん、ありがと～！！
58,1,2,島原エレナ,笑顔が咲く季節,https://drive.google.com/uc?export=view&id=11zdqMkqIQo-ZyP9M7BkaxnxFJDJXqFyK,https://drive.google.com/uc?export=view&id=1r8OyGpAfBT4NVd7BIawQsE5ELIkB4YYa,ProP！ ワタシ、最高にハッピーだヨー♪ はやく、思いっきりダンスしたいナ！
59,1,2,箱崎星梨花,ファンシードリーミング,https://drive.google.com/uc?export=view&id=1-AUHf_LHKBh462dyH8GZAWruqIomxEq-,https://drive.google.com/uc?export=view&id=1LwvdI2-PwtzQlX0Owb__hDlw52s_TThJ,わぁ……！ こんなに素敵な衣装、いいんですか？とってもうれしくて、ドキドキしちゃいます！
60,1,2,野々原茜,ハピ☆パラ！,https://drive.google.com/uc?export=view&id=1Zi0ZqedItQiMdrlIRoEj8FUljENrbEnI,https://drive.google.com/uc?export=view&id=15NdqjObJYllUxd1tenDdWo8-Y_f3I36x,ProPちゃん、茜ちゃんのよろこぶ顔が見られてうれしい？ お礼はナデナデでいいよ？
61,1,2,望月杏奈,使命を果たす者,https://drive.google.com/uc?export=view&id=1buMajLQ8xqfRTcI-ZHQawPfrwEw7vrCd,https://drive.google.com/uc?export=view&id=1a09Rr6z3W7bEF9lAozB3uBWeJw3jpqgG,ProPさん……どう……？杏奈の、新しい衣装……かっこいい、ね……♪
62,1,2,木下ひなた,あま～い森へようこそ♪,https://drive.google.com/uc?export=view&id=1Jyzdq0Xip0kygZ1FzTV3TSlIynDNkO-c,https://drive.google.com/uc?export=view&id=1EaeDNsr4jl0zaRI4mLX9Iud-PZM2ZwU8,こんなに綺麗にラッピングラッピングしてもらって、あたし、高級りんごになった気分だべさ……！
63,1,2,木下ひなた,アニマル・パレード♪,https://drive.google.com/uc?export=view&id=1K2rXGqbOFhlhFMHJFT-AcMRxgw_V7Rzc,https://drive.google.com/uc?export=view&id=1WSysBiU_OdRyZqAauW9zgzi1pnsrfC-5,わぁ……！ なんて、めんこい衣装だべか……。ProP、ありがとねぇ！
64,1,2,馬場このみ,レディーオンザビーチ,https://drive.google.com/uc?export=view&id=1Z1crpZV_SWh6sgZJAZ4jbCpnoPlL5TR0,https://drive.google.com/uc?export=view&id=1DFzqUpti8xFys_FVAxnxBpkFQpVN4C9a,私のセクシーな水着姿で、ファンのみんなをメロメロにしてあげるわ！ これがお姉さんの本気よ、ウフフ♪
65,1,2,馬場このみ,白き鶴の如く,https://drive.google.com/uc?export=view&id=1g81evnzfZqKnh16N_4iWZaJPpv-NX1q_,https://drive.google.com/uc?export=view&id=16bfZmAiAalkqlUgkHTr7eoJltfNCEzQQ,見て！ この衣装……とっても素敵でしょう？たくさん恩返ししてあげるから、覚悟してちょうだい！
66,1,2,大神環,リトルレースクイーン,https://drive.google.com/uc?export=view&id=1Tqx30IpPxOJXQ-rJXg7pGLiA7AAqKAob,https://drive.google.com/uc?export=view&id=11rtdyvri3QucAscNj6EryG4pVtmn6DsK,おやぶんっ。たまき、新しい衣装もらった！どう？ カッコイイでしょ？
67,1,2,大神環,本の世界で大冒険！,https://drive.google.com/uc?export=view&id=1_lqKtdrXbKsiPnEiVH5a_qFPhVQEhqOm,https://drive.google.com/uc?export=view&id=1LEe_4bHGkb8KzsBJCOR5QS2RGuMEI6Py,これ、たまきの衣装なの！？ なんか、おじょうさまみたいだぞ……くふふ♪ ありがとう、おやぶん！
68,1,2,豊川風花,超ビーチバレー[キング],https://drive.google.com/uc?export=view&id=1RsTYgE0L4OitEnrcdnNGShxPKz1Vdbau,https://drive.google.com/uc?export=view&id=1Tkp4-9GXetsDvX_l3GPG8IGfBv6tgVqe,私は、帝女のキング……超ビーチバレー界の覇者。王者を演じる私の覚悟……どうか、見ていてください！
69,1,2,宮尾美也,きらめきに身を委ねて,https://drive.google.com/uc?export=view&id=1L-ldqk-q8vzifVlfM9192V7o2tT_Iqxp,https://drive.google.com/uc?export=view&id=1scINx-RS3jMKlX3Vr6DC6evk1SxRrcCc,この衣装は、ProPさんが選んでくれたんですよね～。どうですか～？ ふふふ♪
70,1,2,宮尾美也,三姉妹カフェ[ネコ],https://drive.google.com/uc?export=view&id=1NNVBrjOp9OA9hssutVShk68YqKlx1glD,https://drive.google.com/uc?export=view&id=1GC4sAdsAKzTh8rU-6OeS8n2nz9oB-gOu,ProP、猫の宮尾美也ですよ～。どうですか～？ ちゃんと、猫に見えていますか～？
71,1,2,篠宮可憐,魅惑のエレガントタイム,https://drive.google.com/uc?export=view&id=1PxaEFafINEDE351oy62IFFB5xOayu9y4,https://drive.google.com/uc?export=view&id=1kE1hfkbJ6xGJeL0Jd5eqPsl9gFdMxYvK,こ、こんな素敵な衣装を、私に……？ ありがとうございます……き、着こなせるよう頑張ります……！
72,1,2,篠宮可憐,ドキドキの瞬間,https://drive.google.com/uc?export=view&id=1DfMAJAqmsTkNcYNf3zIDDsfm_8vhuqa9,https://drive.google.com/uc?export=view&id=1qjfGYBHYbZAa2nlkY59S2dCnPLiSirAe,わぁ……♪　大人っぽくて、素敵な衣装ですね……。　でも、わ、私に着こなせるでしょうか……？
73,1,2,北上麗花,爽やかな風に誘われて,https://drive.google.com/uc?export=view&id=1c2JsAOrkRFTBEN4skOx0ocFOHycLBNZx,https://drive.google.com/uc?export=view&id=1HJxAqwwBOR5fFasWW_looicmwIze81J7,わ～い！ 素敵な衣装、ありがとうございます♪おばあちゃんになっても、ずっと着ていたいな～。
74,1,2,北上麗花,ハッピー・ホーリーナイト,https://drive.google.com/uc?export=view&id=17HRQRWBBwx9SmWBt6ycaX2K5Ee8nw6Hy,https://drive.google.com/uc?export=view&id=1cHRxkuYsrYxWtgM4HCLnFUfb0nXKuP6e,ふふっ、とってもカワイイ衣装！ 毎日着たいです♪そうしたら毎日クリスマスになるかも、なんてなんて♪
75,1,2,桜守歌織,音楽で紡ぎ出す世界,https://drive.google.com/uc?export=view&id=1Vs2vmEeSBQUxiiOoPOlR3aFgO386e1-R,https://drive.google.com/uc?export=view&id=1w2THk9G7JXifc8q-DrM0_Nl0zHbzs1ar,まぁ……！ こんな素敵な衣装を、私に……ですか？ありがとうございます、ProPさん！
76,0,2,七尾百合子,渚のサンシャインガール,https://drive.google.com/uc?export=view&id=159hN5SDGYTYpQITnFzYCy-lT0SWYDjWZ,https://drive.google.com/uc?export=view&id=1xDCOIQ-Ybb8K6DFhlNl7nVqA38k82qeU,ProPさんのおかげで、物語が、現実になりました。ありがとうございます！
77,0,2,所恵美,魅惑のアクアヴィーナス,https://drive.google.com/uc?export=view&id=1A3832T1DinlEno4I0VPBUBRnYkhZRa4x,https://drive.google.com/uc?export=view&id=1TZ5--x0eIek0xgV449PI3R0_iQv9GvCF,にゃははっ、どう？ ProP！アタシらしいアイドル……ちゃんと、できてるかな？
78,0,2,豊川風花,癒やしの楽園,https://drive.google.com/uc?export=view&id=1DGE-epk0Bd1r1Ylh8i5hEsbiRCzni5dv,https://drive.google.com/uc?export=view&id=1Wa0kCgEsoijL9C7AKSz5WM5nooGmY4u_,こういう正統派アイドル！って感じの衣装を着るの、夢だったんです。ふふっ、嬉しいなぁ……♪
79,0,2,佐竹美奈子,スマイルハロウィン！,https://drive.google.com/uc?export=view&id=1JZvTOexZvCKmepRxKB3ndzkhg0u1BDrZ,https://drive.google.com/uc?export=view&id=18Ei3iI7d3IBkrE48uDR9Dwp7nLSwkzu4,ハロウィンって、ちょっとミステリアスな感じもしますよね。私の新しい一面、見せちゃえたらいいな～♪
80,0,2,北沢志保,秋色に染まる世界,https://drive.google.com/uc?export=view&id=1UbWTHSMvT8ZqdHiWHDqm0gHzZ-EWOxYT,https://drive.google.com/uc?export=view&id=1ySZO6Js8QPlP7NtYJplZFco0WD_tv7FB,この衣装を私に……ですか？……あ、いえ。綺麗だなって……それだけです。
81,0,2,望月杏奈,ハッピーメリークリスマス,https://drive.google.com/uc?export=view&id=1zzIPm2aaW-xvmrUKzxuGOj8x8MlztBRB,https://drive.google.com/uc?export=view&id=1H02iuVnYI55_Puvj6WYg6xg2DjbMzE99,ビビッと新衣装、ゲット！やったね、レア装備より嬉しいかも♪
82,0,2,横山奈緒,今年もダイナミックに！,https://drive.google.com/uc?export=view&id=1Zz_eaaoD8svj7snXn1Tyu_r6BfkhelAR,https://drive.google.com/uc?export=view&id=1TUcDb3A7zOvZDeqzdIufldby1okyZWfc,こんなん、うれしすぎて……あはは、泣けてくるわ～。ProPさん、ホンマにありがとうな！
83,0,2,天海春香,クッキングスタディ！,https://drive.google.com/uc?export=view&id=1vgv47kemYRWJ1pIbhM9aBAf8RRrrErpT,https://drive.google.com/uc?export=view&id=1PkYg9hoGL1-tv9-bd1Zoutdeq0GCD4Ff,ProPさん、こんなにかわいい衣装、本当にいいんですか？ 私なんだか胸がいっぱいです♪
84,0,2,真壁瑞希,みんなへ愛をこめて,https://drive.google.com/uc?export=view&id=1S-I3sBid2dn4osf3LAYdTy4ZJXBJ_e_c,https://drive.google.com/uc?export=view&id=1YA9Jq5-zI0NlLtkyOtrhJWnABgKvh4hu,ProP。この衣装、少しきついです。はい、胸のあたり……すみません、見栄を張りました。
85,0,2,四条貴音,スノーファンタジーナイト,https://drive.google.com/uc?export=view&id=1IZ-H0kg0a_m9fW08JjkM8rDl-WfuL0-z,https://drive.google.com/uc?export=view&id=1Sfa-X9CicnVuTpB8BpPuU7Rp2cO51d1K,これが私の新たな衣装……。真、ありがたきことです。今の私はまさに、天にも昇る心地です……。ふふっ。
86,0,2,馬場このみ,桃色セレブレーション,https://drive.google.com/uc?export=view&id=1B6pA8IDZxrythROEkHcvOdFBKG3vcdPQ,https://drive.google.com/uc?export=view&id=1MalMjvs3zH9IHjOcZJMkkWRPjCJEPWR9,どうかしら？ ちょっと、可愛すぎたりしない？フフッ、でも嬉しいわ。ありがとう、大切にするわね！
87,0,2,三浦あずさ,ハッピーブレイクタイム,https://drive.google.com/uc?export=view&id=1C82zoz7l4uJSk_yBYHijm0_gnQlgimsl,https://drive.google.com/uc?export=view&id=1sbHbDDW8zkg-LzieIIjyVk7QYB9b4KiL,ご注文はお決まりですか？ ……なんて、ふふっ。なんだかちょっと、うきうきしてしまいますね。
88,0,2,松田亜利沙,いつだって全力！,https://drive.google.com/uc?export=view&id=1h4R04k37E-G07VMhHjaKBjwU1uAu3VMc,https://drive.google.com/uc?export=view&id=1BqjPw7NlyJjFt05p-3vewAZr-FsqZOtB,ムフフ♪ ProPさん、どうですか？ありさのアイドルオーラ、バッチリ出ちゃってますか？
89,0,2,我那覇響,優しく告げる春の足音,https://drive.google.com/uc?export=view&id=1vQ0m0F7fw3hu1igJsJbHW0kXOqWnmwFU,https://drive.google.com/uc?export=view&id=1JlW9LwZnyWtiqFovtiRJ4bT2LAwPcKtJ,ProP、新しい衣装、本当にありがとねっ！ 自分、すっごく嬉しいさー！
90,0,2,百瀬莉緒,ひらりひらりと魅せられて,https://drive.google.com/uc?export=view&id=1j4uKN8SUJMSR6_enNXy7h7mmcuSbCJHt,https://drive.google.com/uc?export=view&id=1tqWBvDfiotHd8b5eMCN7NzUcM90HaZvz,この衣装……私のために用意してくれたのよね？ありがとう、ProPくん！
91,0,2,水瀬伊織,ご機嫌ローズプリンセス,https://drive.google.com/uc?export=view&id=1wi1_VROxDn_JJ8Lj_y8SF83T9RUUZIkl,https://drive.google.com/uc?export=view&id=1L06o-eUMmcg4w2Mi0b9dwdcmCCkwfVMT,ま、このデザインが似合うのは私くらいのものよね～。仕方ないからトクベツに、たくさん着てあげるわ♪
92,0,2,田中琴葉,花たちの祝福,https://drive.google.com/uc?export=view&id=1oEKOJvvtcOAlqErFCvfJ8HlKQnwb84fB,https://drive.google.com/uc?export=view&id=1eIUqCkChw16th7ilQOUyFea3NjKWD2Ap,あ、ありがとうございます！ どうしよう、こんなにステキな衣装……。私……頑張ります！
93,0,2,双海亜美,おてんば看板娘,https://drive.google.com/uc?export=view&id=1V6H05KOi0_9kdBanZ6zMl8ynpZAq4N3D,https://drive.google.com/uc?export=view&id=1kCnhRN55jKH1BGXR6NIQwxJpxMwixwRg,わぁ、ありがと兄ちゃん！ 衣装のお返し、何がいい？おやつ？ メンコ？ それともー……んっふっふ～♪
94,0,2,二階堂千鶴,太陽のスポットライト,https://drive.google.com/uc?export=view&id=1643mWfB_UzGtcfBoJ2LIIiJzkrApw4fS,https://drive.google.com/uc?export=view&id=1LsIWj-zOHIwAzpUKEyQAmC8jcDZ4r-RR,ProP、い、いかがかしら……？もちろん、期待には応えてみせますわ！
95,0,2,萩原雪歩,闇を支配する者,https://drive.google.com/uc?export=view&id=1LM32HorUviEnAZ0sHD9tJlkGyl7_AV4o,https://drive.google.com/uc?export=view&id=1XkVi_DXDNLQTICzoz7vb_0RtNzKHxxaX,す、すごい衣装ですぅ！ 私、ちゃんと着こなせるようにがんばりますね。…ふはははは～。ふはははは～っ。
96,0,2,島原エレナ,地球規模の大冒険！,https://drive.google.com/uc?export=view&id=1IpDCj89KueJQ_yWHsgQRyxE859iby1cs,https://drive.google.com/uc?export=view&id=1NfBJQNRnvODHHz4bFx5WhPf65kD5dH24,ワオ！ この衣装、すっごくかわいいヨ～。似合う？エヘヘ……ありがと、ProP！
97,0,2,如月千早,夏旅へのお誘い,https://drive.google.com/uc?export=view&id=1ngYKV8rMGRD5TOHngCJtbanJZu3_8VpE,https://drive.google.com/uc?export=view&id=1UdvU4mk4pvtH0XkaRYOSL9emzY-DX16n,なんて鮮やかなスカイブルー。雨上がりの空のような……。素敵な衣装、ありがとうございます。
98,0,2,徳川まつり,きのこの国のお姫様♪,https://drive.google.com/uc?export=view&id=1fA248dgiCh9F18Lj310BSSQuY9HrJhZu,https://drive.google.com/uc?export=view&id=1w1qFSKrbCxgKhiiFBWchn4BJUxkrvYkA,ProPさん、素敵な衣装ありがとうなのです！ 姫の活躍、期待していいですよ♪
99,0,2,双海真美,はりきり牛若丸,https://drive.google.com/uc?export=view&id=1fVxudDcqeCmcjv8Ib5QYPnCMFx8Gh0MX,https://drive.google.com/uc?export=view&id=1HYQEWrx9ONCPRP2FmMiuwFy4QlmLdJm6,我こそは兄ちゃん弁慶に見いだされた、牛若丸っぽい真美なりー！ さて、弁慶の泣きどころはどこかな～？
100,0,2,舞浜歩,ハロウィン・ウィッチ,https://drive.google.com/uc?export=view&id=1T95-9QIHKcT1PsrVvcd6K4xPWv93JE7z,https://drive.google.com/uc?export=view&id=1SzhotX--mN6q7q19yVFtonKvDFf73YpE,トリック・オア・ダーンス！一緒に踊ってくれなきゃ、イタズラするぞ～♪
101,0,2,菊地真,ハンサム・ビースト,https://drive.google.com/uc?export=view&id=1hyp-PDlE0ledLyGuUR0uV3RcocquvQhA,https://drive.google.com/uc?export=view&id=1xFoe4tZgGKfREl-vuB1OJxIKJxiPcePc,これが憧れの猫耳衣装……、ありがとうございます！くぅ～、かわいいなぁ～♪ ボク、幸せです！
102,0,2,篠宮可憐,フォーチュンガール,https://drive.google.com/uc?export=view&id=1l9Pth0hkI_xoImO0EsxTXvIO9zMY3QXI,https://drive.google.com/uc?export=view&id=1csytn71GMnALWiXAH_5nXb5sgr5qFlkq,と、とても、神々しいですね……。この素敵な衣装に負けないように……精いっぱい、頑張ります……！
103,0,2,秋月律子,知性派ハイカラ娘,https://drive.google.com/uc?export=view&id=1fGw0hJgyWR0lXnqcCR3ESOtyEy9deR_y,https://drive.google.com/uc?export=view&id=1O9FEGQROSaDdFiVtNSLWmKH0JiAUfJ2n,へえ、これが新しい衣装ですか……ふ、ふふ、ふふっ！……だめだ、嬉しくて笑っちゃいますよ、もう！
104,0,2,高山紗代子,チアフル・クリスマス！,https://drive.google.com/uc?export=view&id=1N7eG2hpn0X9zeF7xv1HHlDDTaXw2aqiF,https://drive.google.com/uc?export=view&id=1OWsCQuP9wpacIQJRr36ZPFE5JGyAZE_Q,ふふっ、ありがとうございます！ クリスマスに相応しい衣装……全力で着こなしてみせますね！
105,0,2,高槻やよい,ほわほわステップ,https://drive.google.com/uc?export=view&id=1nPC_hwQTr-KxFZtie4kWSUAUP3-_uMDu,https://drive.google.com/uc?export=view&id=1cO39evrm4vMCdnpsLRxAjW3BCgm24kCC,うわぁ、ふわふわでカワイイです～！この衣装、本当に私が着ていいんですかー！？
106,0,2,ジュリア,迎春プレイヤー,https://drive.google.com/uc?export=view&id=1QtnzuGcvhScGN0tjvBhfPMTqxw_P94hQ,https://drive.google.com/uc?export=view&id=1_iqJUWBo2EEDLsahRYuf6Q4T_XrdOLVM,えっ！？ これ、巫女装束のアレンジか？ ずいぶんと大胆だな……いや、ロックだ！ 気に入ったよ♪
107,0,2,星井美希,アトラクト・アテンション,https://drive.google.com/uc?export=view&id=1Xm4qNZRW9U2J-_tC_MkzV-Q0NBr3ldYv,https://drive.google.com/uc?export=view&id=1l2D8fBVfh9Ji46bfwCiy1f4WVCMctt1z,オトナなミキもいいカンジって思うな。これからも、ハニーの好きなミキにしてね？ あはっ☆
108,0,2,中谷育,へっちゃらプライド,https://drive.google.com/uc?export=view&id=1v6o__vX7AbsMJHNrcV2BfwFIXpEN8hJm,https://drive.google.com/uc?export=view&id=1a8ven19_VDu0prrvaW9m52YIPLbqbQAh,ProPさん、ほら、見て！ ふわふわモコモコで、すっごくかわいいでしょ！ えへへ♪
109,0,2,野々原茜,ラブリー・バレンタイン,https://drive.google.com/uc?export=view&id=179IgGg5qXXIAggLkCh0A5ksLVigfj1ou,https://drive.google.com/uc?export=view&id=1WM93jWMXcN31X5EOYe48bAqe31vER_o_,じゃじゃーん！ 茜ちゃんの新衣装だよ！おいしそうだからって、味見しちゃダメだからね☆
110,0,2,横山奈緒,ジョイフル・グレーテル,https://drive.google.com/uc?export=view&id=1UWm8wt--168RtcQZUBAhHSzmKSgvCgrN,https://drive.google.com/uc?export=view&id=1XLXGt0uMY3P7F-cbVsPpIafX5kglueal,じゃーん！ ProPさん、私の新しい衣装、見てください！ メルヘンチックやろ♪
111,0,2,最上静香,届け、この声！,https://drive.google.com/uc?export=view&id=1Kpr8nzreOtwaih6LjTM1QFDIcjpy1y17,https://drive.google.com/uc?export=view&id=1LiVlr0AdYUy5NcnzgD9lJ_kSvDBZ1lHq,学ラン風なのに、ちゃんとアイドルっぽいんですね。ふふっ、カワイイ。がんばって応援しなくちゃ！
112,0,2,高坂海美,ガールズ・フェスティバル,https://drive.google.com/uc?export=view&id=1Zs3oMySpBvTA0Dc1Rw8RNlnZrxM4hd2B,https://drive.google.com/uc?export=view&id=1oU35_RkYmW1eagamcWBuYeXesJzUagR5,おおっ、これが私の新しい衣装なんだね！？よーし！ 歌って踊れるお姫様を目指すぞー！
113,0,2,天空橋朋花,花より咲き誇り,https://drive.google.com/uc?export=view&id=12ohCN5F51bDOF16n5SHpEHz-YLQ1Jb02,https://drive.google.com/uc?export=view&id=1_L_Nkdw9gz6-JeRDz08x-78D6joQQe2V,聖母とお花は、とても相性がいい組み合わせですね～。ProPさん、ほめてあげますよ～。
114,0,2,宮尾美也,スター・ナビゲーター,https://drive.google.com/uc?export=view&id=1BBKPOfRtJVgpktorX6ugGWcNa8kqGg2y,https://drive.google.com/uc?export=view&id=1OBYKI39ccHnnrYiOXhoeByNU7ld6Y4Cp,星空のドレス、とっても素敵ですね～。ライブを見ながら、天体観測ができますな～。むふふ。
115,0,2,桜守歌織,破滅の奏者,https://drive.google.com/uc?export=view&id=1Dmi1X1GXXo_8H2SS6x0yM2b5jm_Lpmn2,https://drive.google.com/uc?export=view&id=1CQ7ulX3KToL7VHxDWWkOZVf5CvItGYuu,まあ、悪役の衣装なんですね？ 私が悪に染まっても、導いて……くださいますか？
116,0,2,周防桃子,アクティブチアリング,https://drive.google.com/uc?export=view&id=1q7kGOsuUjrAwae9veELOPP2HbvKg9e-W,https://drive.google.com/uc?export=view&id=1aJ8Atrc5ukscQSEROLG0fxk63Rjo7J5b,チアガールの衣装って、けっこうカワイイよね。お兄ちゃんのことも、応援してあげようかな？
117,0,2,福田のり子,カラフリング・エッグ！,https://drive.google.com/uc?export=view&id=1jOgrXLdqmB32la9-3qUSdNBKNGkinFyI,https://drive.google.com/uc?export=view&id=1jwgIBwOshljqEzi_FJlFWtcB4SfXkgQP,うわぁ～っ、カワイイ……！　これって、うさぎがモチーフだよね？　に、似合うかな？　えへへ……♪
118,0,2,ロコ,KOINOBORIは天高く,https://drive.google.com/uc?export=view&id=1qbPa7hJnBzkDEiRQOQI5Rc6LGWV5K7ZX,https://drive.google.com/uc?export=view&id=1nJdi-NQ0PFboEnURx9XQO0mJjRIQfyVa,どうですか？　この衣装のコンセプトは、トラディショナル、アンド、フリーダムです！
119,0,2,矢吹可奈,サーカスの花形,https://drive.google.com/uc?export=view&id=1EnUBDgtpWO9VF0vMHpmbylctzKQ6WY-V,https://drive.google.com/uc?export=view&id=1Pkz6HRP_BVddz45IbIO9r4JL22wTrhZa,わ～、わ～！？　すっごくかわいい衣装ですね！　えへへ、うれしいな～♪　ありがとうございます！
120,0,2,箱崎星梨花,With My Heart,https://drive.google.com/uc?export=view&id=1wlMuW1hPPbfx42IcNwbJ_iybmuIqZRqG,https://drive.google.com/uc?export=view&id=1aQqJkV9JWBW94ORX8gFhSQSdij9iqVXB,わぁ～！　リボンがいっぱい！　なんだかわたしまでプレゼントになっちゃったみたいです……♪　えへへ。
121,0,2,春日未来,サンライト・ブライド,https://drive.google.com/uc?export=view&id=1WusAYO4RD4f53hE1rUTcjbHDaP8YD_aG,https://drive.google.com/uc?export=view&id=1fMpmm3Agr1yufNGxQW40oDib1UaErc2F,えっと、ふつつかものですが、よろしくお願いします♪……って言うんですよね！　えへへ♪
122,0,2,木下ひなた,笑顔でお届け！,https://drive.google.com/uc?export=view&id=17ET2A9NRWdHy4tc_TFauOtQRqKB9ePnV,https://drive.google.com/uc?export=view&id=1RzEozObbEV6pghd3prrK12q2s52nzxJ4,わぁ～なまらめんこい衣装だねぇ！　これを着て、おいしいパンをみんなに届けるべさ！
123,0,3,我那覇響,サンシャイン・ブライト,https://drive.google.com/uc?export=view&id=1W-dPwefsXHsQ5Xp_Vnki25jGXKflem6I,https://drive.google.com/uc?export=view&id=1vggzp8HyLfvtRe8jgjPdep_ldmZ8oDFc,この衣装すっごくしっくりくりね！いまの自分は、誰にも負ける気がしないさー！
124,0,3,四条貴音,月のごとく輝く,https://drive.google.com/uc?export=view&id=1Sao9oxh2IKonvheETx7dk_yx6EdE_lFX,https://drive.google.com/uc?export=view&id=1r7kn2uxeOvjGFkCh0xMK_SjthbqI-jPM,なんと身体にふぃっとする衣装なのでしょう。この風格に相応しき舞台、必ずや、ご覧にいれてみせます！
125,0,3,水瀬伊織,月光ファンタジア,https://drive.google.com/uc?export=view&id=1F3ZjW74DdDzDAm9DrjOxDRaM4iQEy6EI,https://drive.google.com/uc?export=view&id=1k-ddxrZJMmIBgPenKDRfXkFvnZUpkvIm,あら、素敵じゃない♪ おしとやかで華やかで可愛い、和服のうさちゃんだなんて……私にピッタリよね♪
126,0,3,星井美希,スターリー・グロウ,https://drive.google.com/uc?export=view&id=19rkcEvyaS3aTJvs3gpClzFmtU7w-ysIq,https://drive.google.com/uc?export=view&id=1YbuuI1MtHOSxZvkpOyh9CqWDJ_Xuq5J5,あはっ、ミキにピッタリってカンジ！ きっとハニーがミキのコト、いっぱい見てくれてるからだね。あはっ☆
127,0,3,高槻やよい,秋色ハイ、ターッチ♪,https://drive.google.com/uc?export=view&id=1GiGNIhTSJna-ysTO-UuIAktiKMeY_Tzq,https://drive.google.com/uc?export=view&id=1pjD-uFn0irkuU3V0ZKpNPr7iGSmuodD_,うっうー！ もみじの衣装、ありがとうございまーす！着てるだけで、ウキウキしてきちゃいました。えへへ♪
128,0,3,春日未来,無邪気なレイニーデイズ,https://drive.google.com/uc?export=view&id=1l25EasA_zU5v6q3T7A3LErhwjV8uftKr,https://drive.google.com/uc?export=view&id=1DovEOlOA3DQPqjyIy-AW_zZ1NUuvHVJE,わぁ～カワイイ♪ この衣装、私のなんですよね？なくさないように名前書いちゃおーっと♪
129,0,3,エミリー・スチュアート,凛として、華やかに,https://drive.google.com/uc?export=view&id=1KhFCcPHwIeUYiGlxZLHSMTaAjbYDXlYR,https://drive.google.com/uc?export=view&id=15QSHXxWO4UU3og5F9IOt2m0k-Wiym2g8,し、仕掛け人さま！ こんなにも趣きあふれる衣装をいただけるなんて、私は……本当に、幸せ者です……♪
130,0,3,矢吹可奈,エンジョイ♡ウィンターデート,https://drive.google.com/uc?export=view&id=1yvtr9ln2rAsTszZL4EuU6ukMzj4ksvuH,https://drive.google.com/uc?export=view&id=1fA0uu3KfTvCSL39sMiF5G3FM6_v_jFUm,こんな素敵な衣装、もらっちゃっていいんですか！？やった～♪ ひらひらくるくる、歌っちゃいますよ～！
131,0,3,最上静香,水滴のプリズム,https://drive.google.com/uc?export=view&id=1Gz27ncH097PB1fbpnv6aMYr9FgdzJ3me,https://drive.google.com/uc?export=view&id=1sJSwFJUVSTS7Xe8wn5Tu7g8H3brmTuop,これが私の新しい衣装……素敵ですね。あ、あの！私、この衣装に負けないステージにしてみせますから！
132,0,3,北沢志保,リアル・インテンション,https://drive.google.com/uc?export=view&id=1n955fkwWdN5nW1sWiOfWcCdltMX6m4cM,https://drive.google.com/uc?export=view&id=1egXxQuXpIUm-gvp8UudyGKBU2QH3C8Fm,こんなに綺麗な衣装……いえ、嬉しくないわけじゃないです。……期待に応えられるよう、がんばります。
133,0,3,白石紬,都会の風に吹かれて,https://drive.google.com/uc?export=view&id=1egXxQuXpIUm-gvp8UudyGKBU2QH3C8Fm,https://drive.google.com/uc?export=view&id=1DZ394xxd5qVrkAh_KaGA-mCBQR3Zvqgy,冬の寒さは、嫌いではありません。……ぬくもりに触れた時に、ほっとしますから。
134,0,2,伊吹翼,雨上がりの約束,https://drive.google.com/uc?export=view&id=1QREQGcG_6-nacVHpdXzOepdvjKv92AUQ,https://drive.google.com/uc?export=view&id=168M7i_i66ihJGu535MGmTu4Gf0ukgLEZ,えへへ……こういう衣装、ちょっとめずらしいかも？ProPさん、わたし、どうですか？
135,0,3,箱崎星梨花,キラキラコンチェルト,https://drive.google.com/uc?export=view&id=1TJDzpvu93ASdTaHR0L9HLH-UwpZtmyJE,https://drive.google.com/uc?export=view&id=1tfiwHIWs6AVKiuTkpQbX7mle4osbR1wS,わぁ！ この衣装、パパのタキシードみたいです！大人っぽく見えますか？ えへへ……♪
136,0,3,桜守歌織,ウインタースノーマジック,https://drive.google.com/uc?export=view&id=1EKGnAhi3OGwGleeD8XB3C3cQ-hlAxB-H,https://drive.google.com/uc?export=view&id=16KEv5oLprvG05ogh6_DfQhMsdBZTi2Ra,本当に、この衣装を頂いてしまっていいんですか？……困りました。私、宝物が増えていくばかりです♪
137,1,1,天海春香,伝説を継ぐ者へ,https://drive.google.com/uc?export=view&id=1peFrVQRew8fGZqWH46J0z2FWHVQTlxxr,,
138,1,1,萩原雪歩,天使の目覚め,https://drive.google.com/uc?export=view&id=1xYOilp5iPp_PedX_989e346naXQwIthv,,
139,1,1,萩原雪歩,シークレットライブ！,https://drive.google.com/uc?export=view&id=1bgeLsUYQ_-9_F7tqK7TofNP3kOvJ26ZS,,
140,1,1,我那覇響,突然の告白タイム,https://drive.google.com/uc?export=view&id=1R1QNNYzlL3MAdI6NBsoOQrTzTf1kVGzR,,
141,1,1,如月千早,まばゆい星海,https://drive.google.com/uc?export=view&id=1-p4FeBx9eio2TJ8vK-vgVT18sALVxx4c,,
142,1,1,如月千早,アイドルの試練,https://drive.google.com/uc?export=view&id=1fVtf-MbTHaUzPSeJ8G-NtryZXrPH0cVN,,
143,1,1,如月千早,制服シリーズ,https://drive.google.com/uc?export=view&id=196XO1sgKY8mcLvy1L2E4g39LIJ5msrbo,,
144,1,1,水瀬伊織,強がりスライダー,https://drive.google.com/uc?export=view&id=12tV8R-G-W7l44L4dNaMYRbI9C6b6oVfe,,
145,1,1,水瀬伊織,一夜限りの魔法,https://drive.google.com/uc?export=view&id=18b_Sak-v_69_LWzOyJ_AfV727FCQy7xb,,
146,1,1,水瀬伊織,制服シリーズ,https://drive.google.com/uc?export=view&id=1-vM92CYb5KJPEVMiizQJVJUhS8x5BW8S,,
147,1,1,四条貴音,望郷の想い,https://drive.google.com/uc?export=view&id=11UYrWkfyrKjBFqvxRWMl6Q2YOQrpUQUH,,
148,1,1,四条貴音,麗しきエルディスト,https://drive.google.com/uc?export=view&id=1dKLH1XjrsyaCzxxpbRe0x4SKyJDQKSGT,,
149,1,1,秋月律子,夢のお出迎え,https://drive.google.com/uc?export=view&id=1u0ndNb43QK5C1hcP1LARS2ruNgQ3uxqz,,
150,1,1,秋月律子,タイムトラベラー,https://drive.google.com/uc?export=view&id=1oYYVaa4yE3F7hNNOXrfJ_R1z6FuNuLvi,,
151,1,1,星井美希,一瞬のウインク,https://drive.google.com/uc?export=view&id=1l6J0g6JDh1l8y8yGEesv5VE97RF0tUpw,,
152,1,1,星井美希,スターライトプリンセス,https://drive.google.com/uc?export=view&id=1v5Ku_WU2V-5TYIvB7JQ-YowFA9qQ1S_3,,
153,1,1,高槻やよい,キラキラステップ,https://drive.google.com/uc?export=view&id=1IMckrCH4hxlzxJGF0PStOl4jkrTiwzTW,,
154,1,1,三浦あずさ,極上のシルエット,https://drive.google.com/uc?export=view&id=18GB8rprOAYR7faKYC2N4JnO5rJZDyMJt,,
155,1,1,双海亜美,マーベラスハンマー,https://drive.google.com/uc?export=view&id=1Xf0yXCJQVL27-xNRSLlLfhB5b_GxaNqX,,
156,1,1,双海真美,キューティーウェイトレス,https://drive.google.com/uc?export=view&id=1mDL6bqov72lN9kXe1gqL9m5VNb9qyR-W,,
157,1,1,双海真美,完成！サイキョープラモデル,https://drive.google.com/uc?export=view&id=1buncTSlFueQg7ssO-mfl2xwA32zvNxW6,,
158,1,1,田中琴葉,魅惑のささやき,https://drive.google.com/uc?export=view&id=1eVjwwM2yvPZ9tHecbDS_85u--byGva9Q,,
159,1,1,田中琴葉,雪景色のお茶会,https://drive.google.com/uc?export=view&id=1Q6Nt3haNp8n7uklBGCTs24xHhhk66VM-,,
160,1,1,田中琴葉,制服シリーズ,https://drive.google.com/uc?export=view&id=1p2A1vuBUU1C8OgMSFTJh2JgVxTYKphkl,,
161,1,1,佐竹美奈子,アヒルと水遊び,https://drive.google.com/uc?export=view&id=1pgY3fXQR6vrmNS_Y5xfh-R3a3c6LfYrP,,
162,1,1,徳川まつり,セクシークロコダイル,https://drive.google.com/uc?export=view&id=1iu2dE01sBRUKTkd3AHQEeo88AM5e_UBW,,
163,1,1,徳川まつり,麗しのスノークイ―ン,https://drive.google.com/uc?export=view&id=19WIbV5VYYdVl1LErtUw8oROGOeNlUg_c,,
164,1,1,徳川まつり,プリンセスロード,https://drive.google.com/uc?export=view&id=1ttsPWPoCfRxdWTVrQ6vVfWdljA4kdMu3,,
165,1,1,七尾百合子,満天の星空の下,https://drive.google.com/uc?export=view&id=1_JXv3KRt5s1dF8faUgo_y92hxGPJOt4P,,
166,1,1,高山紗代子,あったかコーヒー,https://drive.google.com/uc?export=view&id=15mHD4jFvgMvQzmfywYLyNU-uwog5D3cR,,
167,1,1,松田亜利沙,純白の笑顔,https://drive.google.com/uc?export=view&id=1otOJCZABXp7sCvXbKYnMb68MWfD7Lavr,,
168,1,1,松田亜利沙,ゆったりマッサージ,https://drive.google.com/uc?export=view&id=1CKO5Dxc3sAudqHtDVdL0qsejRAwSGWE_,,
169,1,1,不滅なる王道,松田亜利沙,https://drive.google.com/uc?export=view&id=1dwNUJ1OV-EAEu1xWVqd5zDA_-xC-XnHv,,
170,1,1,高坂海美,うきうきサーフィン,https://drive.google.com/uc?export=view&id=109vnpvy3GUkOMLqWs3xhTAhcZSJExSyV,,
171,1,1,高坂海美,夭折の天才剣士,https://drive.google.com/uc?export=view&id=1KNwnCTCXPeF6lh11M6h_X76YIJ5U9icw,,
172,1,1,高坂海美,マイティセーラーズ,https://drive.google.com/uc?export=view&id=1Rnri0F_6d2TFYMAu-x9jhEQ0N9DzCe5y,,
173,1,1,中谷育,制服シリーズ,https://drive.google.com/uc?export=view&id=1cd2HFBdpje8Bx8K6XO1pAnKy9jJw7Q2K,,
174,1,1,中谷育,手づくりランチョンマット,https://drive.google.com/uc?export=view&id=1mey3VPcKn013FAXlTdvuKoHxO6XgT7aM,,
175,1,1,エミリー,制服シリーズ,https://drive.google.com/uc?export=view&id=1lXVUUz0B61lW-S6NT2Qk-hXjIg1wMVE5,,
176,1,1,矢吹可奈,ブレーメンの音楽隊,https://drive.google.com/uc?export=view&id=1XWLDUYuIpusvMDctVbTr0UIfH76QrQ5m,,
177,1,1,横山奈緒,ラブリークレープ,https://drive.google.com/uc?export=view&id=1LndNn6c4T2JgKVk8lvE9rQTmylQRLJAm,,
178,1,1,横山奈緒,宵の打ち上げ,https://drive.google.com/uc?export=view&id=1UYRAnJbANZrbirZkYX2ascVQwhFzl_Vu,,
179,1,1,横山奈緒,超ビーチバレー[右腕クイーン],https://drive.google.com/uc?export=view&id=1T7AaIwc_K6ejPSPJ7rkDxM3ewyVwNuOO,,
180,1,1,福田のり子,しっとり夕涼み,https://drive.google.com/uc?export=view&id=1U0G_8Cc88La89QIqOIJFDJsnQqR1Ahvn,,
181,1,1,福田のり子,ふたりの指定席,https://drive.google.com/uc?export=view&id=1Djvaf2BT8N1UKhWEsH_QWJAfwWbUvlbc,,
182,1,1,最上静香,三姉妹カフェ[次女],https://drive.google.com/uc?export=view&id=1glR0d4mN5G5-5nmWBnS_bHtl1adnKRpS,,
183,1,1,最上静香,ファンシーパンダステージ,https://drive.google.com/uc?export=view&id=18DRZRnR6fLNr63bVbcdZk6cLqQ7L3G78,,
184,1,1,所恵美,星空のアリエス,https://drive.google.com/uc?export=view&id=1J6jHKvFUfhrLNvvHtJIO-5CMDMUgNZfC,,
185,1,1,天空橋朋花,優雅なグリーティング,https://drive.google.com/uc?export=view&id=10nZrnNNdGFdIYHV4STw2503ywJh7j8BV,,
186,1,1,北沢志保,ゆったりゆず湯,https://drive.google.com/uc?export=view&id=1Tgd-tQN13Fz2trQ0O3wuqq0PA9lACdf4,,
187,1,1,北沢志保,制服シリーズ,https://drive.google.com/uc?export=view&id=18mT27BBrkvpm2Zw8HKJ81LrLHI1rx-z5,,
188,1,1,北沢志保,寛ぎのひととき,https://drive.google.com/uc?export=view&id=1JXE2EvoZDE4SU-L7EmZ7fOj6VqUTLZlE,,
189,1,1,舞浜歩,夕焼けキャニオン,https://drive.google.com/uc?export=view&id=1EK1dXdAqlLNaiP0IE-dj8y5b58Ax0wfl,,
190,1,1,舞浜歩,雪解けブレイクダンス！,https://drive.google.com/uc?export=view&id=1jpKQHzWzF5EDwnFIpBgPfpfanEE3xsGG,,
191,1,1,百瀬莉緒,お約束サンオイル,https://drive.google.com/uc?export=view&id=1QCtq7leX_gJ87uOA_KP4SzLGXJzf_Fq1,,
192,1,1,百瀬莉緒,戯れのお誘い,https://drive.google.com/uc?export=view&id=1Y_KJ7RDzRmt_DzbQIwl0BCnGcyCrw-dg,,
193,1,1,永吉昴,照れ顔ビューティー,https://drive.google.com/uc?export=view&id=15IKjLLBJkIPtYD7vp_iP-SrH3rnTOeaA,,
194,1,1,周防桃子,お願いパジャマ,https://drive.google.com/uc?export=view&id=12uqsj3ZevhhL0y_qyplkDgwnZLsm7SG3,,
195,1,1,周防桃子,エンジェルキューティクル,https://drive.google.com/uc?export=view&id=1cjWMUJ4AR_seC-DxztDsh2YFasaACjlo,,
196,1,1,ジュリア,Rock of dawn,https://drive.google.com/uc?export=view&id=1kznTa4Wjk5IrVybZUChKnUSsuCdAF748,,
197,1,1,白石紬,制服シリーズ,https://drive.google.com/uc?export=view&id=1zG-sRgGMQhE5coGYQQhTPYobPiP7T8m1,,
198,1,1,伊吹翼,天下無敵の佇まい,https://drive.google.com/uc?export=view&id=1xQbsrNjqbyKQHHI6k2yoixNMxtek7-tm,,
199,1,1,伊吹翼,一撃必殺！,https://drive.google.com/uc?export=view&id=1WKqFIDASx2ylPNBknfvhXCHXGWFFCEGh,,
200,1,1,野々原茜,真夏の川遊び,https://drive.google.com/uc?export=view&id=11fT_wRmLA63FOgG3Wm1Ayc8ZFK2ul6fY,,
201,1,1,望月杏奈,聖剣覚醒,https://drive.google.com/uc?export=view&id=1_PsGU4wsH9a_gDirizZQlTVHg9HPTI6W,,
202,1,1,望月杏奈,デジタルラビット,https://drive.google.com/uc?export=view&id=1K3Aw9w2glEmyN32rokWA1BNkgkxzupzm,,
203,1,1,望月杏奈,制服シリーズ,https://drive.google.com/uc?export=view&id=1dzVHEo6urU8vWEs_Eu28V7EJRkk20es-,,
204,1,1,木下ひなた,純白ドレスアップ,https://drive.google.com/uc?export=view&id=1WWEr54GQlpuAeEg0o3-hbC2TNTl7VDhw,,
205,1,1,木下ひなた,夏のおすそわけ,https://drive.google.com/uc?export=view&id=1R0hFM7RMPU9s6RZNp0pNSeT211gpa0pf,,
206,1,1,馬場このみ,劇場サスペンス[元大女優],https://drive.google.com/uc?export=view&id=1WO2Dn70pPIiKYhxggbQ5NlhQX4vpujpJ,,
207,1,1,大神環,ちょっぴり背伸び,https://drive.google.com/uc?export=view&id=1jPQn9uNO3-0CEqdYvLnHsODtOPektPPt,,
208,1,1,豊川風花,ちょっぴり刺激的に,https://drive.google.com/uc?export=view&id=1Is-5QxLLHn1mtoW6tQh493UCMxPSLb2u,,
209,1,1,宮尾美也,マジカルクイーン,https://drive.google.com/uc?export=view&id=1gSR2Aevr1ZlC2q4OR-6ID70ElmcNh7F1,,
210,1,1,宮尾美也,夢ごこちハンモック,https://drive.google.com/uc?export=view&id=1Frnty9W-YRVc7Jl7-DP-twBJ-SS3gsTb,,
211,1,1,宮尾美也,制服シリーズ,https://drive.google.com/uc?export=view&id=1GmSjVWAzcwjM6UeBKb0gvMK8bGVb__KS,,
212,1,1,篠宮可憐,自然体の笑顔,https://drive.google.com/uc?export=view&id=1XH6tklcBzbPZafhJrWs_2qm2_CA2RTDl,,
213,1,1,篠宮可憐,ほっと一息,https://drive.google.com/uc?export=view&id=1CKmFM7kTOafv7gHqtEMnz6C9Nz59j-m7,,
214,1,1,北上麗花,熟睡ガール,https://drive.google.com/uc?export=view&id=17umWPgdl95r15egJSk1QIcKijgUq04tl,,
215,1,1,北上麗花,スプリングビューティー,https://drive.google.com/uc?export=view&id=1fzZCH5ablQCzaRgwlRm8rr66kxlwdyuz,,
216,1,1,北上麗花,制服シリーズ,https://drive.google.com/uc?export=view&id=1Hxtzw1HaZmpY5a1lJnQJ4jl7bN8Iwvtn,,
217,0,1,馬場このみ,遅咲きグラビアクイーン,https://drive.google.com/uc?export=view&id=167LmvycvsrKyDmlMSl_BMOB_1BKIz1Ym,,
218,0,1,高山紗代子,探してロストボール,https://drive.google.com/uc?export=view&id=16YlitiOuyv7265m_5qnp99BWiXCdLAk0,,
219,0,1,天空橋朋花,楽しいイルカショー,https://drive.google.com/uc?export=view&id=1LMEass0XwLCE8nJYI7IeL7mKXNKAb-CW,,
220,0,1,野々原茜,ホラーナイトパレード,https://drive.google.com/uc?export=view&id=1pz0xKNyb9eKo-4Ri1jzjC-6ON3cnPIai,,
221,0,1,矢吹可奈,画家とモデルと,https://drive.google.com/uc?export=view&id=1I69DZaNT0VT7G5qWL6Sc0VfKGp6cnY1k,,
222,0,1,真壁瑞希,てづくりのスノードーム,https://drive.google.com/uc?export=view&id=1aHjp34kmii8y3qrAlhXeHzOwhuQ-4iAc,,
223,0,1,木下ひなた,みんなのマスコット神さま,https://drive.google.com/uc?export=view&id=1Z35bOiQ9lwPVLsLSKFi7Bka4Zy2ihmNx,,
224,0,1,エミリー,和みのご奉仕,https://drive.google.com/uc?export=view&id=1u1a57eg2dSn6XGuCvnYMWfgSScBJdFGh,,
225,0,1,ジュリア,恥じらいお雛様,https://drive.google.com/uc?export=view&id=1gj6IrXAVqKBL2cA0LWGCBriolIxFmzU4,,
226,0,1,中谷育,大きく咲いて,https://drive.google.com/uc?export=view&id=16qnUAHBTMRPoiKHeLU47d0aHKQGaib8I,,
227,0,1,箱崎星梨花,大人になったら,https://drive.google.com/uc?export=view&id=1VH25o01mPIpFZu8Isr6q8dpCn5zSp3ap,,
228,0,1,ロコ,波間の瞳,https://drive.google.com/uc?export=view&id=1AeDYLEMHVIAbpKFOUFRLDf078YDY-oyb,,
229,0,1,菊地真,大航海の、その先へ！,https://drive.google.com/uc?export=view&id=1NsuQ3MH7VrG0mZklaU9d8VgOW4OVVYV2,,
230,0,1,二階堂千鶴,舞踏会の主賓,https://drive.google.com/uc?export=view&id=15AhP9vJvdbJd_8UiMvkacJoPRA2iGWpv,,
231,0,1,篠宮可憐,ゴースト・バラード,https://drive.google.com/uc?export=view&id=1av-3t9em6LWXL1ilIAJUyqZ1EUNi8QnV,,
232,0,1,春日未来,フォーチュンガール,https://drive.google.com/uc?export=view&id=1MgazF2jNn__ixv6m5GytZY80utKwRaw8,,
233,0,1,島原エレナ,君にもメリークリスマス,https://drive.google.com/uc?export=view&id=1zuHapDfcYEnxp8-Acv72iaayOSlJ7ajr,,
234,0,1,双海真美,おねだりジャンケン,https://drive.google.com/uc?export=view&id=1dyB47dH3wBPoth5Ie758QWY7eMHVMoV0,,
235,0,1,矢吹可奈,コットンキャンディバス,https://drive.google.com/uc?export=view&id=1-n7J5hay-v1I5Q9qX4lkz_pDsf8YEzLQ,,
236,0,1,中谷育,おしゃま雛,https://drive.google.com/uc?export=view&id=1QhyRRoxqvxKGfxIgKGVNEPvZOugXJbLO,,
237,0,1,田中琴葉,死の猛攻,https://drive.google.com/uc?export=view&id=1yCspNv1UQpHpWMcFMZzcQB467K_l2eL1,,
238,0,1,豊川風花,桜舞う満開パレード,https://drive.google.com/uc?export=view&id=1ZDJytCRD8kwfCEtreHPsURM2pwgi2cmq,,
239,0,1,天空橋朋花,夕闇の悪戯,https://drive.google.com/uc?export=view&id=1boSWhhT2uQW8Nneymk1nM2nzetf9Pfsh,,
240,1,0,天海春香,みんなでつくるステージ,https://drive.google.com/uc?export=view&id=15uRuumvq57FU7XUQAoyJjULk2K-P4jXy,,
241,1,0,天海春香,ひたむきチャレンジ！,https://drive.google.com/uc?export=view&id=1igYz42akcLJkemkNyAUy9xkrOxxqX9XG,,
242,1,0,萩原雪歩,おひさまスマイル,https://drive.google.com/uc?export=view&id=1bBvIHDlmJg56qBcmBeyhl_6eASnR4KJD,,
243,1,0,菊地真,全力投球！,https://drive.google.com/uc?export=view&id=1RMQWlXj96eowiNKZCQYsZXepFaMIz2Sn,,
244,1,0,菊地真,まこまこ白ねこ,https://drive.google.com/uc?export=view&id=1xiMK8zB4l088giR4XjXKULxEQLjD07HA,,
245,1,0,我那覇響,困惑ゴシック,https://drive.google.com/uc?export=view&id=1Tq7tNr7EJK7eq9EzRdOSQWtqQk91HBW9,,
246,1,0,我那覇響,天使のダンスタイム,https://drive.google.com/uc?export=view&id=1DUOD_GCyICxIJ5mC6vAmGbxItm7SNi4f,,
247,1,0,如月千早,メルヘンメイド,https://drive.google.com/uc?export=view&id=1GAmgaSeBXuIy6ERV2MoPUKEoq-wCMXl6,,
248,1,0,如月千早,凛然たる騎士,https://drive.google.com/uc?export=view&id=1PGW2HpMqfDcZSdBV7ZaN8lpRfcUOZXVl,,
249,1,0,水瀬伊織,お嬢様のたしなみ,https://drive.google.com/uc?export=view&id=1GbpHcOrsYx9_SMxa0_GHgZdFjSvGt4Tg,,
250,1,0,水瀬伊織,ちいさなお目付け役,https://drive.google.com/uc?export=view&id=1O0-NgAvLlASDEUYHC5gWtmkO4Q92E-vb,,
251,1,0,四条貴音,セクシー魔女っ娘,https://drive.google.com/uc?export=view&id=1g-gn5LLg0LS2SMIkeKRNwadvIge_mtH8,,
252,1,0,秋月律子,プライベートスナップ,https://drive.google.com/uc?export=view&id=1AuSNk5x1yNQ6iiBIzNIuje8bHk2jq-_h,,
253,1,0,星井美希,小悪魔サーキットレディ,https://drive.google.com/uc?export=view&id=1aS0PRWrlJUQ2z5kRlmFgmN6bmwJ6OjiF,,
254,1,0,高槻やよい,頼れるお姉ちゃん,https://drive.google.com/uc?export=view&id=1OlNnv2_GJIS2SE0787r6wFsOM_NeCeWP,,
255,1,0,高槻やよい,元気100倍ステージ,https://drive.google.com/uc?export=view&id=1mqaufRz_XsKBffZR0b4dkYeJxzhxXFMn,,
256,1,0,三浦あずさ,おとなのお花見,https://drive.google.com/uc?export=view&id=1QqGyut-RjxQiMHdHOr64rlC0tXXlbBPa,,
257,1,0,三浦あずさ,白銀のドレス,https://drive.google.com/uc?export=view&id=1It29wBVZuvmLFegHG2q432G0mZrv0Rqt,,
258,1,0,双海亜美,天真爛漫,https://drive.google.com/uc?export=view&id=1q_UFZ9efzbbLxEiDTRzBA8Co7rgl6-X7,,
259,1,0,双海亜美,ウルトラアイドル,https://drive.google.com/uc?export=view&id=1zoBymIyr8tTDCp10tJMpqooqWCkQxpDc,,
260,1,0,双海真美,麦茶イッキ！,https://drive.google.com/uc?export=view&id=1xglBhSR1zZ833VmgGMLG5rrLpgIAlQNU,,
261,1,0,春日未来,シアターデイズ,https://drive.google.com/uc?export=view&id=10asEkAsZEt-YzOTiGH-zUMmIoXorfhUu,,
262,1,0,春日未来,でたとこ太閤,https://drive.google.com/uc?export=view&id=1qdwWSQap95JFfOBUDT5GE47JIQmGR8E6,,
263,1,0,田中琴葉,華麗な剣さばき,https://drive.google.com/uc?export=view&id=1es8u7tNgf6CyD9mTVxCSay8q6egYVeV1,,
264,1,0,田中琴葉,キュートに姫ポーズ♪,https://drive.google.com/uc?export=view&id=1jGoLJqQlMTMX_RhDHPWzQNk92p-IgLMd,,
265,1,0,佐竹美奈子,みなぎる元気,https://drive.google.com/uc?export=view&id=1MtZc_O-dtj8UG1_YFXVpM2-LbKjs93pp,,
266,1,0,佐竹美奈子,爽やかレモンチーズケーキ,https://drive.google.com/uc?export=view&id=1LoeyrLlxcE0xJxkLsfVw9nw4qOVNpfbw,,
267,1,0,徳川まつり,浜辺のプリンセス,https://drive.google.com/uc?export=view&id=1xVnGqcDHE0NGNoBckDwshiBTsqST6Dvu,,
268,1,0,七尾百合子,不思議の国のアリス,https://drive.google.com/uc?export=view&id=1F1zLUpaKqKhJ_1xK6dX1sZJBdmNVWd0G,,
269,1,0,七尾百合子,ゴシックホワイトドール,https://drive.google.com/uc?export=view&id=1V5hU4e46fX_jc21WzQCzpT3XynOH02d6,,
270,1,0,高山紗代子,熱血エール,https://drive.google.com/uc?export=view&id=11SUY1TfHPs_wq9Qt92sFIbY8bDdlSxkX,,
271,1,0,松田亜利沙,お忍びバカンスごっこ,https://drive.google.com/uc?export=view&id=1qk8mljLJnNGiiRLhxdAENtFnPCeFC_mN,,
272,1,0,高坂海美,気合充填！,https://drive.google.com/uc?export=view&id=1Zb-qlVXwNMk9Qmjtpd7sHwp_YTi3HsAA,,
273,1,0,中谷育,フラワースマイル,https://drive.google.com/uc?export=view&id=1eywGwq45yPixvhs_dZ4CUnA0-tooVH9D,,
274,1,0,中谷育,楽しい夏合宿！,https://drive.google.com/uc?export=view&id=1LSUKMEEMo_YE3Na8BwUs61aSXZeFYsFc,,
275,1,0,中谷育,一生懸命の音色,https://drive.google.com/uc?export=view&id=1cfrONOvoOoJcjsAEXQ-A3FnNi83cZmk5,,
276,1,0,エミリー,大和撫子のご挨拶,https://drive.google.com/uc?export=view&id=106Kj6lm7Mi9xz5Cx97wybEK-Rj4_lzGr,,
277,1,0,エミリー,隻眼の侍,https://drive.google.com/uc?export=view&id=1ofxeQoK8NuKMNggilPe38IsAtnSBd0cE,,
278,1,0,矢吹可奈,コンコンこぎつね,https://drive.google.com/uc?export=view&id=1tGMFlexqu0WvK5DXRuCZHfCWbwT347l9,,
279,1,0,矢吹可奈,出発進行！,https://drive.google.com/uc?export=view&id=1Qc8NXS29zp0UwkPqYFC8wjbFfxbRfef7,,
280,1,0,横山奈緒,元気ハツラツから回り,https://drive.google.com/uc?export=view&id=1YGIxG8yIWA5JPl2e7iX95GwcacpjdKG-,,
281,1,0,福田のり子,全力まくら投げ！,https://drive.google.com/uc?export=view&id=1dpZtubj0Wj56xajZNv-OsDjF1aPoO3Fz,,
282,1,0,福田のり子,偶然の出会い,https://drive.google.com/uc?export=view&id=1OhyAYwHv4h0MvpyahwyF2fFMbXrU15FZ,,
283,1,0,最上静香,シアターデイズ,https://drive.google.com/uc?export=view&id=1-bI747YpuImFD-23z1kAtsAlAlmPocvI,,
284,1,0,最上静香,ひとときの安らぎ,https://drive.google.com/uc?export=view&id=14S8jGxIx9pzEn5bziQri7jqqVXxbMUKa,,
285,1,0,所恵美,ラグジュアルステージ,https://drive.google.com/uc?export=view&id=1KNG_j098v_rYZokujN6Zr5IpBNxXhgYz,,
286,1,0,ロコ,笑顔のブライダル,https://drive.google.com/uc?export=view&id=1Ku5mGuU80T4q_Wv5D4T8PbzWaZWxySFD,,
287,1,0,ロコ,ジャイアントロコパフェ,https://drive.google.com/uc?export=view&id=1bSkwYySz5AqmVUqpv2QSAnEOZzbUdbhc,,
288,1,0,天空橋朋花,絢爛毒舌,https://drive.google.com/uc?export=view&id=1SrOgsynRMsY5WpFQqHMSOCxGy7uKqZXV,,
289,1,0,北沢志保,静かな闘志,https://drive.google.com/uc?export=view&id=1JvMxg-IuVOBEHIKYLIgHpK9ZGzNA43pH,,
290,1,0,北沢志保,フューチャーライブ360,https://drive.google.com/uc?export=view&id=1Q51DMc0I7ifTknvBK4tgzNdPhKbOQa0p,,
291,1,0,舞浜歩,急接近スペースライド,https://drive.google.com/uc?export=view&id=1Q3sl2MMHTvRJZj_P7v2sTot0Xs6IU-5D,,
292,1,0,二階堂千鶴,純情乙女なお嬢様,https://drive.google.com/uc?export=view&id=1iyPAPM_-7s3x3_0L8sR32wA8Bvi5PKMt,,
293,1,0,真壁瑞希,無表情MC,https://drive.google.com/uc?export=view&id=1ztDNIAZ-2fZt8ZmosPIXj4DradoQH1T1,,
294,1,0,真壁瑞希,プリンセスターン,https://drive.google.com/uc?export=view&id=1ge-JkaCc0dO9xKCPPhumOmfMj9AbZcBC,,
295,1,0,真壁瑞希,女子力アップ。,https://drive.google.com/uc?export=view&id=1zMBIfbX1KSUqW0g1mKxSzopkEiv0ryqI,,
296,1,0,百瀬莉緒,甘ーいサプライズ,https://drive.google.com/uc?export=view&id=1CRJ5zdkPmg-SyO8jKdRsmYz06pjch7VM,,
297,1,0,永吉昴,ウォータースプラッシュ！,https://drive.google.com/uc?export=view&id=1l6HhAQtnebeclfyvjO6iWRVAJ7UnH0m_,,
298,1,0,周防桃子,春の桃子コーデ,https://drive.google.com/uc?export=view&id=1_klttz1s2Vmt7pAz5PsOognOk5APXD6D,,
299,1,0,ジュリア,基本が大事！,https://drive.google.com/uc?export=view&id=1hRCIeCmZA7w_C8Xi7ihafFpySZaKFYW8,,
300,1,0,白石紬,シアターデイズ,https://drive.google.com/uc?export=view&id=1BtAQAv7X1e-v_68NwA-mWV6rygs38Dbd,,
301,1,0,白石紬,くつろぎルームウェア,https://drive.google.com/uc?export=view&id=1ECsQrbMuHzauLiIz36UYP4QP0KeYhc-1,,
302,1,0,伊吹翼,シアターデイズ,https://drive.google.com/uc?export=view&id=1WB-YjxouBDuNMF2uIzTs2YtHkbx3aq3q,,
303,1,0,伊吹翼,絶叫シネマ,https://drive.google.com/uc?export=view&id=1aP_UKsGnqm4x705FfkD1fI-_1icXUSmN,,
304,1,0,伊吹翼,いつかのために,https://drive.google.com/uc?export=view&id=1wblIKe4hLInYer8t99V_0p2PLlXb5JVs,,
305,1,0,島原エレナ,カーニバルステージ,https://drive.google.com/uc?export=view&id=1z1IHugIniVPnh75lK5Ct9B4u-uEzbRqd,,
306,1,0,島原エレナ,獲物発見！,https://drive.google.com/uc?export=view&id=1SSZh4TSOT01grmqUJTjV283llf2rpIMR,,
307,1,0,箱崎星梨花,はじめてのステージ,https://drive.google.com/uc?export=view&id=1mUOD83cWoTGK4PGPIF9sN9eYo3bpeUBu,,
308,1,0,箱崎星梨花,チャーミングシープ,https://drive.google.com/uc?export=view&id=1CPiOunbENsujWdn2zkAXaPfVRaklT_Nn,,
309,1,0,野々原茜,街を駆ける盗賊,https://drive.google.com/uc?export=view&id=1hrzBzYyl0_7Fx78wxHwxztTPAEi2LHyn,,
310,1,0,望月杏奈,ハイテンション親指姫,https://drive.google.com/uc?export=view&id=1r1EcaHVjrEvsxUNtrL-hJFb2xWSSYqNT,,
311,1,0,木下ひなた,アップルスウィート,https://drive.google.com/uc?export=view&id=13J7wAdm3DbOeZovzz16SdhYbJNJyMD7X,,
312,1,0,馬場このみ,宴もたけなわ,https://drive.google.com/uc?export=view&id=1LoSKTmoVNO1d0sugXB2TKl9OremBEWaP,,
313,1,0,馬場このみ,プリティーハムスター,https://drive.google.com/uc?export=view&id=1mbfgPy_jrkTNMWPawAUPmqjuAIxFQECM,,
314,1,0,大神環,こぶんのヒミツ基地！,https://drive.google.com/uc?export=view&id=1Ks5YOdqLr62k9swqRWDcSPSMwnpvqCPp,,
315,1,0,大神環,魅惑のフェアリーガール,https://drive.google.com/uc?export=view&id=17CZ3Z56F6QKoMhqaOLEt6URmCY5ZU36R,,
316,1,0,豊川風花,紅白扇舞,https://drive.google.com/uc?export=view&id=1Y5728vbV__G4gq6ZBpVzMgFYudswX3dS,,
317,1,0,豊川風花,ぽよっと平均台,https://drive.google.com/uc?export=view&id=1_bSYa7NDCsBht5mYRKJN79KonWARlr4l,,
318,1,0,宮尾美也,マイペースユニット,https://drive.google.com/uc?export=view&id=1CrG-cBVHQY9OH6LPpGl2GkEjH6TobntZ,,
319,1,0,篠宮可憐,ガチガチウェディングドレス,https://drive.google.com/uc?export=view&id=1y3iZlVVK6zL8t8lIHwg381aF4CGiiGBs,,
320,1,0,北上麗花,無邪気な音色,https://drive.google.com/uc?export=view&id=1Ek7F0Rd-vdC0J-x_6QlIQKxNyaFmIq3v,,
321,1,0,桜守歌織,シアターデイズ,https://drive.google.com/uc?export=view&id=1WhJOKhfVdlWe4FAuci1Yh1RzSOMiMN6_,,
322,0,2,白石紬,…コン♪,https://drive.google.com/uc?export=view&id=1wB_CaKT2KnYkb8jKJ3iArOLQXMSeMQdl,https://drive.google.com/uc?export=view&id=11TfLX7mcrwpBCDqizPQNzFel_q6DZ4EI,
323,1,1,三浦あずさ,制服シリーズ,https://drive.google.com/uc?export=view&id=1mfSeOMGOz1HUuXc1xwodOsBttymIQ_6A,,
324,1,1,松田亜利沙,制服シリーズ,https://drive.google.com/uc?export=view&id=11CyPQRhXcgtcGKHW1xo1ZLpOFloOK5_A,,
325,0,3,田中琴葉,昨日も今日も、その先も…,https://drive.google.com/uc?export=view&id=1BV15VZnlobmYfzaXGVs7jElbI-KIjIMj,https://drive.google.com/uc?export=view&id=1xNqqkp_dRHYhA_aGBh8YP6w7oAUIqhzt,こんなにステキな衣装を、私たちのために……。　ありがとうございます、ProP！
326,0,3,所恵美,ベストショットモーメント！,https://drive.google.com/uc?export=view&id=1hEIQVEvba-hTSAKX7rczlszfta6OORoE,https://drive.google.com/uc?export=view&id=1AT5DlUtSdwQMojQbB93ZT8RreW0GgCDr,うっそ、コレ新しい衣装？　超うれしいんだけど！　ありがとね、ProP！
327,0,3,島原エレナ,スマイルエブリデイ♡,https://drive.google.com/uc?export=view&id=1pqUXEvCPa-2t0xZucFpldnJHdLdlF-HA,https://drive.google.com/uc?export=view&id=1vdhxYpsmqZYMRyfKg3al-XG_T7AAsbGB,ワオ！　この衣装とーってもかわいいヨ〜♪　早くみんなと一緒に踊りたいナー！
328,3,2,伊吹翼,水上のユーフォリア,https://drive.google.com/uc?export=view&id=1B5JXnDdtuTVFndDueDiYE6SLbtmTvt_a,https://drive.google.com/uc?export=view&id=1YZ0MM14wm49SoXxd3q-chyj3oKrON3SH,やったぁ♪　新しい衣装すっごくうれしいです！　わたしが一番カワイイ、って言ってね？
329,2,2,如月千早,アクアマリンマーメイド,https://drive.google.com/uc?export=view&id=1VhCYhr5gk2KnbyIqx1pttM36PoWTrEmI,https://drive.google.com/uc?export=view&id=1_N1H7w6BDCiedpQg_MSJswA3VXF68RH5,これは水着……ですか？　ま、まあ、水辺で歌うのであれば、理にかなってはいるかと……思います……。
330,3,1,高坂海美,トロピカル急接近サンデー,https://drive.google.com/uc?export=view&id=1h9HPqi9yTns4xSyRk7EnmwYRnuSgKIs6,,
331,2,1,四条貴音,制服シリーズ,https://drive.google.com/uc?export=view&id=18hYFhSZitMmvpPbgRzsG8EpdaO3K9gYw,,